simulation	scenario	maxUsers	request	start	startDate	duration	end	count	successCount	errorCount	min	p50	p90	p95	p99	max	avg	stddev	rps	apdex	rating
end2endsimulation	simulations.End2EndSimulation	10	_all	1633367262623	2021-10-04 17:07:42	354.25	1633367616872	6088	6015	73	20	32	40	51	126	1246	37.50	45	16.98	1.00	Excellent
end2endsimulation	null	10	Grant access to Developer principalId	1633367262623	2021-10-04 17:07:42	354.25	1633367293185	10	10	0	29	32	43	44	44	44	33.00	4	0.03	1.00	Excellent
end2endsimulation	null	10	Get artifact by ID	1633367262623	2021-10-04 17:07:42	354.25	1633367616273	6000	5927	73	20	32	39	48	113	507	35.53	22	16.73	1.00	Excellent
end2endsimulation	null	10	Get instance url	1633367262623	2021-10-04 17:07:42	354.25	1633367293070	10	10	0	34	39	57	58	58	58	41.50	7	0.03	1.00	Excellent
end2endsimulation	null	10	Search artifacts	1633367262623	2021-10-04 17:07:42	354.25	1633367293263	10	10	0	28	31	109	115	115	115	41.90	26	0.03	1.00	Excellent
end2endsimulation	null	10	Check instance status	1633367262623	2021-10-04 17:07:42	354.25	1633367293029	18	18	0	31	40	52	70	70	70	42.39	9	0.05	1.00	Excellent
end2endsimulation	null	10	Create artifact	1633367262623	2021-10-04 17:07:42	354.25	1633367293231	10	10	0	34	45	49	50	50	50	44.50	4	0.03	1.00	Excellent
end2endsimulation	null	10	Delete registry instance	1633367262623	2021-10-04 17:07:42	354.25	1633367616872	10	10	0	86	98	240	256	256	256	112.40	50	0.03	1.00	Excellent
end2endsimulation	null	10	Get Developer principalId	1633367262623	2021-10-04 17:07:42	354.25	1633367293153	10	10	0	81	92	503	523	523	523	162.50	148	0.03	1.00	Excellent
end2endsimulation	null	10	Create registry instance	1633367262623	2021-10-04 17:07:42	354.25	1633367291942	10	10	0	836	963	1237	1246	1246	1246	1000.70	125	0.03	1.00	Excellent
end2endsimulation	simulations.End2EndSimulation	10	_all	1633527265351	2021-10-06 13:34:25	355.25	1633527620598	6090	6089	1	13	20	29	37	73	11069	25.47	148	17.14	1.00	Excellent
end2endsimulation	null	10	Get artifact by ID	1633527265351	2021-10-06 13:34:25	355.25	1633527620021	6000	5999	1	13	19	28	36	58	11069	23.49	142	16.89	1.00	Excellent
end2endsimulation	null	10	Search artifacts	1633527265351	2021-10-06 13:34:25	355.25	1633527295748	10	10	0	16	23	32	33	33	33	24.00	5	0.03	1.00	Excellent
end2endsimulation	null	10	Grant access to Developer principalId	1633527265351	2021-10-06 13:34:25	355.25	1633527295674	10	10	0	17	23	39	39	39	39	24.70	8	0.03	1.00	Excellent
end2endsimulation	null	10	Get instance url	1633527265351	2021-10-06 13:34:25	355.25	1633527295432	10	10	0	20	33	50	51	51	51	33.40	10	0.03	1.00	Excellent
end2endsimulation	null	10	Check instance status	1633527265351	2021-10-06 13:34:25	355.25	1633527295386	20	20	0	21	32	78	227	235	235	47.25	46	0.06	1.00	Excellent
end2endsimulation	null	10	Create artifact	1633527265351	2021-10-06 13:34:25	355.25	1633527295718	10	10	0	25	35	205	224	224	224	51.90	60	0.03	1.00	Excellent
end2endsimulation	null	10	Delete registry instance	1633527265351	2021-10-06 13:34:25	355.25	1633527620598	10	10	0	53	66	93	95	95	95	71.70	12	0.03	1.00	Excellent
end2endsimulation	null	10	Get Developer principalId	1633527265351	2021-10-06 13:34:25	355.25	1633527295634	10	10	0	43	57	195	201	201	201	81.00	52	0.03	1.00	Excellent
end2endsimulation	null	10	Create registry instance	1633527265351	2021-10-06 13:34:25	355.25	1633527294310	10	10	0	818	956	1683	1750	1750	1750	1038.20	261	0.03	0.95	Excellent
end2endsimulation	simulations.End2EndSimulation	10	_all	1633591947547	2021-10-07 07:32:27	343.08	1633592290625	6090	6090	0	13	19	25	29	46	1549	21.96	43	17.75	1.00	Excellent
end2endsimulation	null	10	Grant access to Developer principalId	1633591947547	2021-10-07 07:32:27	343.08	1633591977740	10	10	0	16	19	21	22	22	22	18.80	2	0.03	1.00	Excellent
end2endsimulation	null	10	Search artifacts	1633591947547	2021-10-07 07:32:27	343.08	1633591977800	10	10	0	16	18	23	23	23	23	19.30	2	0.03	1.00	Excellent
end2endsimulation	null	10	Get artifact by ID	1633591947547	2021-10-07 07:32:27	343.08	1633592290067	6000	6000	0	13	19	24	29	40	86	20.05	5	17.49	1.00	Excellent
end2endsimulation	null	10	Get instance url	1633591947547	2021-10-07 07:32:27	343.08	1633591977672	10	10	0	18	23	43	44	44	44	27.00	7	0.03	1.00	Excellent
end2endsimulation	null	10	Create artifact	1633591947547	2021-10-07 07:32:27	343.08	1633591977777	10	10	0	21	32	36	37	37	37	30.50	5	0.03	1.00	Excellent
end2endsimulation	null	10	Check instance status	1633591947547	2021-10-07 07:32:27	343.08	1633591977626	20	20	0	20	26	51	54	55	55	31.65	10	0.06	1.00	Excellent
end2endsimulation	null	10	Delete registry instance	1633591947547	2021-10-07 07:32:27	343.08	1633592290625	10	10	0	53	56	69	70	70	70	58.70	6	0.03	1.00	Excellent
end2endsimulation	null	10	Get Developer principalId	1633591947547	2021-10-07 07:32:27	343.08	1633591977717	10	10	0	40	49	116	117	117	117	66.20	31	0.03	1.00	Excellent
end2endsimulation	null	10	Create registry instance	1633591947547	2021-10-07 07:32:27	343.08	1633591976552	10	10	0	864	991	1536	1549	1549	1549	1060.00	234	0.03	0.95	Excellent
end2endsimulation	simulations.End2EndSimulation	10	_all	1633677862972	2021-10-08 07:24:22	342.69	1633678205665	6090	6090	0	13	18	24	30	80	1299	21.91	41	17.77	1.00	Excellent
end2endsimulation	null	10	Get artifact by ID	1633677862972	2021-10-08 07:24:22	342.69	1633678205074	6000	6000	0	13	18	24	28	65	154	20.05	8	17.51	1.00	Excellent
end2endsimulation	null	10	Get instance url	1633677862972	2021-10-08 07:24:22	342.69	1633677892926	10	10	0	18	23	29	30	30	30	23.70	3	0.03	1.00	Excellent
end2endsimulation	null	10	Search artifacts	1633677862972	2021-10-08 07:24:22	342.69	1633677893125	10	10	0	17	19	75	81	81	81	25.50	19	0.03	1.00	Excellent
end2endsimulation	null	10	Grant access to Developer principalId	1633677862972	2021-10-08 07:24:22	342.69	1633677893075	10	10	0	17	18	92	100	100	100	26.70	25	0.03	1.00	Excellent
end2endsimulation	null	10	Create artifact	1633677862972	2021-10-08 07:24:22	342.69	1633677893102	10	10	0	22	28	33	34	34	34	27.80	4	0.03	1.00	Excellent
end2endsimulation	null	10	Check instance status	1633677862972	2021-10-08 07:24:22	342.69	1633677892904	20	20	0	20	26	50	60	61	61	28.50	10	0.06	1.00	Excellent
end2endsimulation	null	10	Delete registry instance	1633677862972	2021-10-08 07:24:22	342.69	1633678205665	10	10	0	45	58	87	90	90	90	60.10	11	0.03	1.00	Excellent
end2endsimulation	null	10	Get Developer principalId	1633677862972	2021-10-08 07:24:22	342.69	1633677892973	10	10	0	43	47	230	245	245	245	75.80	63	0.03	1.00	Excellent
end2endsimulation	null	10	Create registry instance	1633677862972	2021-10-08 07:24:22	342.69	1633677891844	10	10	0	794	1007	1281	1299	1299	1299	1018.80	140	0.03	1.00	Excellent
end2endsimulation	simulations.End2EndSimulation	10	_all	1634023564254	2021-10-12 07:26:04	345.49	1634023909747	6090	6090	0	14	20	28	32	53	1565	23.35	44	17.63	1.00	Excellent
end2endsimulation	null	10	Search artifacts	1634023564254	2021-10-12 07:26:04	345.49	1634023594642	10	10	0	16	19	26	27	27	27	19.90	2	0.03	1.00	Excellent
end2endsimulation	null	10	Get artifact by ID	1634023564254	2021-10-12 07:26:04	345.49	1634023909186	6000	6000	0	14	20	28	32	42	140	21.37	6	17.37	1.00	Excellent
end2endsimulation	null	10	Grant access to Developer principalId	1634023564254	2021-10-12 07:26:04	345.49	1634023594584	10	10	0	19	22	29	30	30	30	22.60	3	0.03	1.00	Excellent
end2endsimulation	null	10	Check instance status	1634023564254	2021-10-12 07:26:04	345.49	1634023594479	20	20	0	23	26	50	69	70	70	30.75	11	0.06	1.00	Excellent
end2endsimulation	null	10	Get instance url	1634023564254	2021-10-12 07:26:04	345.49	1634023594508	10	10	0	24	31	73	78	78	78	34.40	15	0.03	1.00	Excellent
end2endsimulation	null	10	Create artifact	1634023564254	2021-10-12 07:26:04	345.49	1634023594621	10	10	0	23	29	111	112	112	112	49.20	35	0.03	1.00	Excellent
end2endsimulation	null	10	Get Developer principalId	1634023564254	2021-10-12 07:26:04	345.49	1634023594563	10	10	0	46	53	179	192	192	192	67.40	44	0.03	1.00	Excellent
end2endsimulation	null	10	Delete registry instance	1634023564254	2021-10-12 07:26:04	345.49	1634023909747	10	10	0	52	62	124	129	129	129	68.90	23	0.03	1.00	Excellent
end2endsimulation	null	10	Create registry instance	1634023564254	2021-10-12 07:26:04	345.49	1634023593423	10	10	0	916	992	1530	1565	1565	1565	1077.30	196	0.03	0.95	Excellent
end2endsimulation	simulations.End2EndSimulation	10	_all	1634109801891	2021-10-13 07:23:21	343.49	1634110145376	6090	6090	0	14	19	26	32	53	1363	22.57	46	17.73	1.00	Excellent
end2endsimulation	null	10	Get artifact by ID	1634109801891	2021-10-13 07:23:21	343.49	1634110144784	6000	6000	0	14	19	26	31	43	137	20.53	6	17.47	1.00	Excellent
end2endsimulation	null	10	Search artifacts	1634109801891	2021-10-13 07:23:21	343.49	1634109832535	10	10	0	17	20	33	34	34	34	23.10	6	0.03	1.00	Excellent
end2endsimulation	null	10	Grant access to Developer principalId	1634109801891	2021-10-13 07:23:21	343.49	1634109832486	10	10	0	18	21	37	38	38	38	23.40	6	0.03	1.00	Excellent
end2endsimulation	null	10	Get instance url	1634109801891	2021-10-13 07:23:21	343.49	1634109832412	10	10	0	20	22	39	39	39	39	25.80	7	0.03	1.00	Excellent
end2endsimulation	null	10	Check instance status	1634109801891	2021-10-13 07:23:21	343.49	1634109832389	20	20	0	20	24	50	61	62	62	27.40	10	0.06	1.00	Excellent
end2endsimulation	null	10	Create artifact	1634109801891	2021-10-13 07:23:21	343.49	1634109832514	10	10	0	25	28	40	41	41	41	30.80	6	0.03	1.00	Excellent
end2endsimulation	null	10	Get Developer principalId	1634109801891	2021-10-13 07:23:21	343.49	1634109832462	10	10	0	46	51	150	159	159	159	63.40	34	0.03	1.00	Excellent
end2endsimulation	null	10	Delete registry instance	1634109801891	2021-10-13 07:23:21	343.49	1634110145376	10	10	0	53	72	89	90	90	90	69.10	12	0.03	1.00	Excellent
end2endsimulation	null	10	Create registry instance	1634109801891	2021-10-13 07:23:21	343.49	1634109831337	10	10	0	856	1152	1360	1363	1363	1363	1134.70	168	0.03	1.00	Excellent
end2endsimulation	simulations.End2EndSimulation	10	_all	1634196169035	2021-10-14 07:22:49	341.80	1634196510832	5494	5481	13	15	20	27	34	91	1014	24.41	35	16.04	1.00	Excellent
end2endsimulation	null	10	Search artifacts	1634196169035	2021-10-14 07:22:49	341.80	1634196198803	9	9	0	18	21	26	26	26	26	21.33	2	0.03	1.00	Excellent
end2endsimulation	null	10	Get artifact by ID	1634196169035	2021-10-14 07:22:49	341.80	1634196510282	5400	5400	0	15	20	27	33	90	158	22.84	11	15.80	1.00	Excellent
end2endsimulation	null	10	Get instance url	1634196169035	2021-10-14 07:22:49	341.80	1634196198694	10	9	1	19	23	32	32	32	32	25.10	4	0.03	1.00	Excellent
end2endsimulation	null	10	Grant access to Developer principalId	1634196169035	2021-10-14 07:22:49	341.80	1634196198761	9	9	0	18	21	85	85	85	85	29.11	21	0.03	1.00	Excellent
end2endsimulation	null	10	Check instance status	1634196169035	2021-10-14 07:22:49	341.80	1634196198670	28	18	10	22	27	39	51	62	62	29.29	8	0.05	1.00	Excellent
end2endsimulation	null	10	Create artifact	1634196169035	2021-10-14 07:22:49	341.80	1634196198784	9	9	0	22	31	39	39	39	39	30.67	4	0.03	1.00	Excellent
end2endsimulation	null	10	Get Developer principalId	1634196169035	2021-10-14 07:22:49	341.80	1634196198739	9	9	0	43	55	108	108	108	108	58.78	19	0.03	1.00	Excellent
end2endsimulation	null	10	Delete registry instance	1634196169035	2021-10-14 07:22:49	341.80	1634196510832	10	9	1	48	58	122	129	129	129	64.00	23	0.03	1.00	Excellent
end2endsimulation	null	10	Create registry instance	1634196169035	2021-10-14 07:22:49	341.80	1634196197613	10	9	1	75	821	1011	1014	1014	1014	779.30	268	0.03	1.00	Excellent
end2endsimulation	simulations.End2EndSimulation	10	_all	1634282565638	2021-10-15 07:22:45	343.60	1634282909233	6090	6089	1	14	19	26	33	89	1242	23.71	42	17.72	1.00	Excellent
end2endsimulation	null	10	Search artifacts	1634282565638	2021-10-15 07:22:45	343.60	1634282595780	10	10	0	18	20	23	24	24	24	20.90	2	0.03	1.00	Excellent
end2endsimulation	null	10	Grant access to Developer principalId	1634282565638	2021-10-15 07:22:45	343.60	1634282595730	10	10	0	18	22	23	24	24	24	21.30	2	0.03	1.00	Excellent
end2endsimulation	null	10	Get artifact by ID	1634282565638	2021-10-15 07:22:45	343.60	1634282908677	6000	5999	1	14	19	26	32	87	181	21.84	11	17.46	1.00	Excellent
end2endsimulation	null	10	Get instance url	1634282565638	2021-10-15 07:22:45	343.60	1634282595664	10	10	0	19	24	40	42	42	42	25.90	6	0.03	1.00	Excellent
end2endsimulation	null	10	Check instance status	1634282565638	2021-10-15 07:22:45	343.60	1634282595640	20	20	0	21	25	63	72	73	73	30.25	14	0.06	1.00	Excellent
end2endsimulation	null	10	Create artifact	1634282565638	2021-10-15 07:22:45	343.60	1634282595759	10	10	0	24	29	93	100	100	100	36.50	22	0.03	1.00	Excellent
end2endsimulation	null	10	Delete registry instance	1634282565638	2021-10-15 07:22:45	343.60	1634282909233	10	10	0	52	61	124	131	131	131	66.80	22	0.03	1.00	Excellent
end2endsimulation	null	10	Get Developer principalId	1634282565638	2021-10-15 07:22:45	343.60	1634282595710	10	10	0	42	53	190	197	197	197	79.50	52	0.03	1.00	Excellent
end2endsimulation	null	10	Create registry instance	1634282565638	2021-10-15 07:22:45	343.60	1634282594589	10	10	0	838	1003	1238	1242	1242	1242	1023.10	155	0.03	1.00	Excellent
end2endsimulation	simulations.End2EndSimulation	10	_all	1634628207338	2021-10-19 07:23:27	345.22	1634628552555	5494	5481	13	14	20	28	34	116	1243	24.07	39	15.88	1.00	Excellent
end2endsimulation	null	10	Search artifacts	1634628207338	2021-10-19 07:23:27	345.22	1634628238264	9	9	0	17	19	23	23	23	23	19.44	1	0.03	1.00	Excellent
end2endsimulation	null	10	Get artifact by ID	1634628207338	2021-10-19 07:23:27	345.22	1634628551998	5400	5400	0	14	20	27	32	110	178	22.32	13	15.64	1.00	Excellent
end2endsimulation	null	10	Get instance url	1634628207338	2021-10-19 07:23:27	345.22	1634628238006	10	9	1	22	26	36	36	36	36	26.90	5	0.03	1.00	Excellent
end2endsimulation	null	10	Create artifact	1634628207338	2021-10-19 07:23:27	345.22	1634628238239	9	9	0	24	29	35	35	35	35	29.67	5	0.03	1.00	Excellent
end2endsimulation	null	10	Check instance status	1634628207338	2021-10-19 07:23:27	345.22	1634628237968	28	18	10	20	30	38	45	50	50	31.04	6	0.05	1.00	Excellent
end2endsimulation	null	10	Grant access to Developer principalId	1634628207338	2021-10-19 07:23:27	345.22	1634628238203	9	9	0	18	20	146	146	146	146	34.56	41	0.03	1.00	Excellent
end2endsimulation	null	10	Get Developer principalId	1634628207338	2021-10-19 07:23:27	345.22	1634628238056	9	9	0	46	50	123	123	123	123	64.44	27	0.03	1.00	Excellent
end2endsimulation	null	10	Delete registry instance	1634628207338	2021-10-19 07:23:27	345.22	1634628552555	10	9	1	56	67	101	102	102	102	72.60	14	0.03	1.00	Excellent
end2endsimulation	null	10	Create registry instance	1634628207338	2021-10-19 07:23:27	345.22	1634628236915	10	9	1	133	892	1221	1243	1243	1243	850.10	284	0.03	1.00	Excellent
end2endsimulation	simulations.End2EndSimulation	10	_all	1634714573931	2021-10-20 07:22:53	344.36	1634714918289	6089	6079	10	0	19	27	33	116	1385	23.73	41	17.65	1.00	Excellent
end2endsimulation	null	10	Grant access to Developer principalId	1634714573931	2021-10-20 07:22:53	344.36	1634714603948	10	10	0	17	20	22	22	22	22	20.10	1	0.03	1.00	Excellent
end2endsimulation	null	10	Get artifact by ID	1634714573931	2021-10-20 07:22:53	344.36	1634714917788	6000	6000	0	15	19	26	32	111	150	21.91	12	17.42	1.00	Excellent
end2endsimulation	null	10	Get instance url	1634714573931	2021-10-20 07:22:53	344.36	1634714603881	10	10	0	20	27	33	34	34	34	27.40	4	0.03	1.00	Excellent
end2endsimulation	null	10	Check instance status	1634714573931	2021-10-20 07:22:53	344.36	1634714603860	19	19	0	21	27	40	54	54	54	29.00	7	0.06	1.00	Excellent
end2endsimulation	null	10	Create artifact	1634714573931	2021-10-20 07:22:53	344.36	1634714603979	10	10	0	24	29	34	34	34	34	29.40	3	0.03	1.00	Excellent
end2endsimulation	null	10	Search artifacts	1634714573931	2021-10-20 07:22:53	344.36	1634714603999	10	10	0	17	20	106	115	115	115	31.40	29	0.03	1.00	Excellent
end2endsimulation	null	10	Get Developer principalId	1634714573931	2021-10-20 07:22:53	344.36	1634714603928	10	10	0	44	48	138	144	144	144	63.70	32	0.03	1.00	Excellent
end2endsimulation	null	10	Delete registry instance	1634714573931	2021-10-20 07:22:53	344.36	1634714918289	10	0	10	0	0	360	362	362	362	104.70	168	0.00	1.00	Excellent
end2endsimulation	null	10	Create registry instance	1634714573931	2021-10-20 07:22:53	344.36	1634714602806	10	10	0	757	918	1366	1385	1385	1385	970.00	197	0.03	1.00	Excellent
end2endsimulation	simulations.End2EndSimulation	10	_all	1634800967134	2021-10-21 07:22:47	348.56	1634801315698	5494	5480	14	15	21	32	60	148	1493	28.13	49	15.72	1.00	Excellent
end2endsimulation	null	10	Search artifacts	1634800967134	2021-10-21 07:22:47	348.56	1634800997482	9	9	0	18	20	24	24	24	24	20.11	1	0.03	1.00	Excellent
end2endsimulation	null	10	Grant access to Developer principalId	1634800967134	2021-10-21 07:22:47	348.56	1634800997427	9	9	0	19	21	35	35	35	35	22.56	5	0.03	1.00	Excellent
end2endsimulation	null	10	Get artifact by ID	1634800967134	2021-10-21 07:22:47	348.56	1634801315133	5400	5399	1	15	20	32	54	144	329	26.24	23	15.49	1.00	Excellent
end2endsimulation	null	10	Check instance status	1634800967134	2021-10-21 07:22:47	348.56	1634800997331	28	18	10	20	26	45	46	47	47	28.61	7	0.05	1.00	Excellent
end2endsimulation	null	10	Get instance url	1634800967134	2021-10-21 07:22:47	348.56	1634800997355	10	9	1	19	24	59	61	61	61	30.00	13	0.03	1.00	Excellent
end2endsimulation	null	10	Create artifact	1634800967134	2021-10-21 07:22:47	348.56	1634800997461	9	9	0	22	34	37	37	37	37	31.89	5	0.03	1.00	Excellent
end2endsimulation	null	10	Delete registry instance	1634800967134	2021-10-21 07:22:47	348.56	1634801315698	10	9	1	46	61	70	71	71	71	58.90	7	0.03	1.00	Excellent
end2endsimulation	null	10	Get Developer principalId	1634800967134	2021-10-21 07:22:47	348.56	1634800997406	9	9	0	45	52	154	154	154	154	74.00	42	0.03	1.00	Excellent
end2endsimulation	null	10	Create registry instance	1634800967134	2021-10-21 07:22:47	348.56	1634800996276	10	9	1	100	1029	1469	1493	1493	1493	982.60	360	0.03	1.00	Excellent
